SITE,RIVER,STATION NAME,TIME/DATE,STAGE,RIVER LEVEL,HRLY RATE,TENDENCY,MAX REC LEVEL,DATE,SITE_URL,STATION_URL
601001601001 - Neds CornerComments:No additonal comments.,Young River,Neds Corner,06:05 27Aug2025,10.531,0.506,0.000,STEADY,15.193,05JAN2007,https://kumina.water.wa.gov.au/waterinformation/wir/reports/publish/601001/tel.htm,https://kumina.water.wa.gov.au/waterinformation/wir/reports/publish/601001/601001.htm
601004601004 - FairfieldComments:No additonal comments.,Lort River,Fairfield,06:05 27Aug2025,10.437,0.253,0.000,STEADY,15.116,09FEB2017,https://kumina.water.wa.gov.au/waterinformation/wir/reports/publish/601004/tel.htm,https://kumina.water.wa.gov.au/waterinformation/wir/reports/publish/601004/601004.htm
601005601005 - CascadesComments:No additonal comments.,Young River,Cascades,06:00 27Aug2025,10.059,0.067,0.000,STEADY,12.901,19FEB2018,https://kumina.water.wa.gov.au/waterinformation/wir/reports/publish/601005/tel.htm,https://kumina.water.wa.gov.au/waterinformation/wir/reports/publish/601005/601005.htm
601008601008 - Myrup RdComments:Road level = 12.4 m Stage = 27.27 m AHD,Coramup Creek,Myrup Rd,06:00 27Aug2025,10.185,0.130,-0.003,STEADY,13.839,06JAN1999,https://kumina.water.wa.gov.au/waterinformation/wir/reports/publish/601008/tel.htm,https://kumina.water.wa.gov.au/waterinformation/wir/reports/publish/601008/601008.htm
"601009601009 - Fisheries RdComments:Road level  = 13.29 m Stage = 38.59 m AHD
Peak rec. stage (5/1/07) 13.42 m",Bandy Creek,Fisheries Rd,06:00 27Aug2025,10.216,0.185,0.000,STEADY,13.425,05JAN2007,https://kumina.water.wa.gov.au/waterinformation/wir/reports/publish/601009/tel.htm,https://kumina.water.wa.gov.au/waterinformation/wir/reports/publish/601009/601009.htm
602001602001 - Bull CrossingComments:No additonal comments.,Pallinup River,Bull Crossing,06:00 27Aug2025,10.912,0.694,-0.010,STEADY,17.052,22JAN1982,https://kumina.water.wa.gov.au/waterinformation/wir/reports/publish/602001/tel.htm,https://kumina.water.wa.gov.au/waterinformation/wir/reports/publish/602001/602001.htm
602004602004 - Stevens FarmComments:No additonal comments.,Kalgan River,Stevens Farm,06:00 27Aug2025,11.255,1.250,0.025,RISING,17.109,02APR2005,https://kumina.water.wa.gov.au/waterinformation/wir/reports/publish/602004/tel.htm,https://kumina.water.wa.gov.au/waterinformation/wir/reports/publish/602004/602004.htm
602009602009 - Drop StructureComments:No additonal comments.,Robinson Drain,Drop Structure,06:00 27Aug2025,10.533,0.483,-0.006,STEADY,10.980,03AUG2020,https://kumina.water.wa.gov.au/waterinformation/wir/reports/publish/602009/tel.htm,https://kumina.water.wa.gov.au/waterinformation/wir/reports/publish/602009/602009.htm
602010602010 - Robinson Dr ConfluComments:No additonal comments.,Munster Hill Drain,Robinson Dr Conflu,06:00 27Aug2025,10.168,0.232,-0.005,STEADY,11.161,02APR2005,https://kumina.water.wa.gov.au/waterinformation/wir/reports/publish/602010/tel.htm,https://kumina.water.wa.gov.au/waterinformation/wir/reports/publish/602010/602010.htm
602014602014 - Billa Boya ReserveComments:No additonal comments.,King River,Billa Boya Reserve,06:05 27Aug2025,11.113,1.113,0.004,STEADY,14.199,21JUN2021,https://kumina.water.wa.gov.au/waterinformation/wir/reports/publish/602014/tel.htm,https://kumina.water.wa.gov.au/waterinformation/wir/reports/publish/602014/602014.htm
602015602015 - Warren RdComments:No additonal comments.,Mill Brook,Warren Rd,06:05 27Aug2025,10.643,0.636,-0.007,STEADY,12.883,21JUN2021,https://kumina.water.wa.gov.au/waterinformation/wir/reports/publish/602015/tel.htm,https://kumina.water.wa.gov.au/waterinformation/wir/reports/publish/602015/602015.htm
602021602021 - Devils Creek RdComments:No additonal comments.,Bremer River,Devils Creek Rd,06:00 27Aug2025,10.431,0.636,-0.015,STEADY,14.220,20JAN2016,https://kumina.water.wa.gov.au/waterinformation/wir/reports/publish/602021/tel.htm,https://kumina.water.wa.gov.au/waterinformation/wir/reports/publish/602021/602021.htm
602031602031 - Cheynes Beach RdComments:No additonal comments.,Waychinicup River,Cheynes Beach Rd,06:05 27Aug2025,10.795,0.825,0.013,STEADY,13.338,21NOV2008,https://kumina.water.wa.gov.au/waterinformation/wir/reports/publish/602031/tel.htm,https://kumina.water.wa.gov.au/waterinformation/wir/reports/publish/602031/602031.htm
602199602199 - Black CatComments:No additonal comments.,Goodga River,Black Cat,06:00 27Aug2025,10.568,0.411,-0.005,STEADY,12.589,12JUL2013,https://kumina.water.wa.gov.au/waterinformation/wir/reports/publish/602199/tel.htm,https://kumina.water.wa.gov.au/waterinformation/wir/reports/publish/602199/602199.htm
602601602601 - WattiComments:No additonal comments.,Yakamia Creek,Watti,06:00 27Aug2025,10.142,0.127,-0.002,STEADY,12.147,13MAR2025,https://kumina.water.wa.gov.au/waterinformation/wir/reports/publish/602601/tel.htm,https://kumina.water.wa.gov.au/waterinformation/wir/reports/publish/602601/602601.htm
603001603001 - EllekerComments:No additonal comments.,Marbellup Brook,Elleker,05:00 27Aug2025,10.339,0.349,-0.009,STEADY,13.230,21JUN2021,https://kumina.water.wa.gov.au/waterinformation/wir/reports/publish/603001/tel.htm,https://kumina.water.wa.gov.au/waterinformation/wir/reports/publish/603001/603001.htm
603002603002 - Lindesay GorgeComments:No additonal comments.,Denmark River,Lindesay Gorge,06:00 27Aug2025,10.799,0.822,0.004,STEADY,12.556,30JUN1978,https://kumina.water.wa.gov.au/waterinformation/wir/reports/publish/603002/tel.htm,https://kumina.water.wa.gov.au/waterinformation/wir/reports/publish/603002/603002.htm
603003603003 - KompupComments:No additonal comments.,Denmark River,Kompup,06:05 27Aug2025,11.330,1.329,0.136,RISING,13.412,25JUN1988,https://kumina.water.wa.gov.au/waterinformation/wir/reports/publish/603003/tel.htm,https://kumina.water.wa.gov.au/waterinformation/wir/reports/publish/603003/603003.htm
603004603004 - Sunny GlenComments:No additonal comments.,Hay River,Sunny Glen,06:00 27Aug2025,12.789,2.415,0.022,STEADY,17.578,26JUN1988,https://kumina.water.wa.gov.au/waterinformation/wir/reports/publish/603004/tel.htm,https://kumina.water.wa.gov.au/waterinformation/wir/reports/publish/603004/603004.htm
603005603005 - BeigpiegupComments:No additonal comments.,Mitchell River,Beigpiegup,06:05 27Aug2025,10.698,0.693,-0.012,STEADY,11.443,22AUG2003,https://kumina.water.wa.gov.au/waterinformation/wir/reports/publish/603005/tel.htm,https://kumina.water.wa.gov.au/waterinformation/wir/reports/publish/603005/603005.htm
603007603007 - Sleeman Rd BridgeComments:No additonal comments.,Sleeman River,Sleeman Rd Bridge,06:00 27Aug2025,11.659,1.654,-0.016,STEADY,13.426,21JUN2021,https://kumina.water.wa.gov.au/waterinformation/wir/reports/publish/603007/tel.htm,https://kumina.water.wa.gov.au/waterinformation/wir/reports/publish/603007/603007.htm
603013603013 - Eden RdComments:No additonal comments.,Cuppup River,Eden Rd,06:00 27Aug2025,10.747,0.603,-0.025,FALLING,12.311,21JUN2021,https://kumina.water.wa.gov.au/waterinformation/wir/reports/publish/603013/tel.htm,https://kumina.water.wa.gov.au/waterinformation/wir/reports/publish/603013/603013.htm
603020603020 - Ocean Beach RdComments:No additonal comments.,Little River,Ocean Beach Rd,06:00 27Aug2025,10.709,0.524,-0.006,STEADY,13.413,20JUN2021,https://kumina.water.wa.gov.au/waterinformation/wir/reports/publish/603020/tel.htm,https://kumina.water.wa.gov.au/waterinformation/wir/reports/publish/603020/603020.htm
603021603021 - Denmark Ag CollegeComments:No additonal comments.,Denmark River,Denmark Ag College,06:05 27Aug2025,10.548,0.548,-0.001,STEADY,13.636,21JUN2021,https://kumina.water.wa.gov.au/waterinformation/wir/reports/publish/603021/tel.htm,https://kumina.water.wa.gov.au/waterinformation/wir/reports/publish/603021/603021.htm
603022603022 - GirrawheenComments:No additonal comments.,Sunny Glen Creek,Girrawheen,06:00 27Aug2025,10.442,0.442,-0.012,STEADY,11.904,21JUN2021,https://kumina.water.wa.gov.au/waterinformation/wir/reports/publish/603022/tel.htm,https://kumina.water.wa.gov.au/waterinformation/wir/reports/publish/603022/603022.htm
603023603023 - PipeheadComments:No additonal comments.,Scotsdale Brook,Pipehead,06:00 27Aug2025,10.375,0.375,-0.011,STEADY,13.430,20JUN2021,https://kumina.water.wa.gov.au/waterinformation/wir/reports/publish/603023/tel.htm,https://kumina.water.wa.gov.au/waterinformation/wir/reports/publish/603023/603023.htm
603024603024 - Wonton Hills Farm RdComments:No additonal comments.,Seven Mile Creek,Wonton Hills Farm Rd,06:05 27Aug2025,10.692,0.462,-0.023,STEADY,12.003,20JUN2021,https://kumina.water.wa.gov.au/waterinformation/wir/reports/publish/603024/tel.htm,https://kumina.water.wa.gov.au/waterinformation/wir/reports/publish/603024/603024.htm
603025603025 - Torbay TownsiteComments:No additonal comments.,Torbay Drain,Torbay Townsite,06:00 27Aug2025,10.532,0.523,-0.016,STEADY,12.924,21JUN2021,https://kumina.water.wa.gov.au/waterinformation/wir/reports/publish/603025/tel.htm,https://kumina.water.wa.gov.au/waterinformation/wir/reports/publish/603025/603025.htm
603032603032 - Old Railway BridgeComments:No additonal comments.,Wilson Inlet,Old Railway Bridge,06:00 27Aug2025,0.477,0.477,-0.008,STEADY,1.518,21JUN2021,https://kumina.water.wa.gov.au/waterinformation/wir/reports/publish/603032/tid.htm,https://kumina.water.wa.gov.au/waterinformation/wir/reports/publish/603032/603032.htm
603136603136 - Mt LindesayComments:No additonal comments.,Denmark River,Mt Lindesay,06:00 27Aug2025,11.630,1.299,-0.005,STEADY,13.636,30JUN1978,https://kumina.water.wa.gov.au/waterinformation/wir/reports/publish/603136/tel.htm,https://kumina.water.wa.gov.au/waterinformation/wir/reports/publish/603136/603136.htm
603190603190 - WoonanupComments:No additonal comments.,Yate Flat Creek,Woonanup,06:00 27Aug2025,11.022,0.718,-0.018,STEADY,12.354,25JUN1988,https://kumina.water.wa.gov.au/waterinformation/wir/reports/publish/603190/tel.htm,https://kumina.water.wa.gov.au/waterinformation/wir/reports/publish/603190/603190.htm
604001604001 - Rocky GlenComments:No additonal comments.,Kent River,Rocky Glen,06:00 27Aug2025,10.542,0.566,0.013,STEADY,12.867,03APR2005,https://kumina.water.wa.gov.au/waterinformation/wir/reports/publish/604001/tel.htm,https://kumina.water.wa.gov.au/waterinformation/wir/reports/publish/604001/604001.htm
604053604053 - Styx JunctionComments:No additonal comments.,Kent River,Styx Junction,06:00 27Aug2025,11.544,1.544,-0.006,STEADY,14.983,05AUG1964,https://kumina.water.wa.gov.au/waterinformation/wir/reports/publish/604053/tel.htm,https://kumina.water.wa.gov.au/waterinformation/wir/reports/publish/604053/604053.htm
605012605012 - Mount FranklandComments:No additonal comments.,Frankland River,Mount Frankland,06:00 27Aug2025,12.331,2.069,0.004,STEADY,19.549,26JAN1982,https://kumina.water.wa.gov.au/waterinformation/wir/reports/publish/605012/tel.htm,https://kumina.water.wa.gov.au/waterinformation/wir/reports/publish/605012/605012.htm
606001606001 - Teds PoolComments:No additonal comments.,Deep River,Teds Pool,06:05 27Aug2025,10.860,0.860,0.000,STEADY,11.378,22JUL1978,https://kumina.water.wa.gov.au/waterinformation/wir/reports/publish/606001/tel.htm,https://kumina.water.wa.gov.au/waterinformation/wir/reports/publish/606001/606001.htm
606002606002 - Wattle BlockComments:No additonal comments.,Weld River,Wattle Block,06:00 27Aug2025,10.672,0.677,-0.004,STEADY,11.094,19AUG2024,https://kumina.water.wa.gov.au/waterinformation/wir/reports/publish/606002/tel.htm,https://kumina.water.wa.gov.au/waterinformation/wir/reports/publish/606002/606002.htm
606185606185 - Dog PoolComments:No additonal comments.,Shannon River,Dog Pool,06:05 27Aug2025,11.106,1.107,-0.007,STEADY,13.719,19AUG2024,https://kumina.water.wa.gov.au/waterinformation/wir/reports/publish/606185/tel.htm,https://kumina.water.wa.gov.au/waterinformation/wir/reports/publish/606185/606185.htm
606195606195 - Ordnance Rd CrossingComments:No additonal comments.,Weld River,Ordnance Rd Crossing,06:00 27Aug2025,11.264,1.260,0.000,STEADY,13.444,19AUG2024,https://kumina.water.wa.gov.au/waterinformation/wir/reports/publish/606195/tel.htm,https://kumina.water.wa.gov.au/waterinformation/wir/reports/publish/606195/606195.htm
606218606218 - Baldania Ck ConfluComments:No additonal comments.,Gardner River,Baldania Ck Conflu,06:05 27Aug2025,11.578,1.978,0.002,STEADY,15.113,15JUL1967,https://kumina.water.wa.gov.au/waterinformation/wir/reports/publish/606218/tel.htm,https://kumina.water.wa.gov.au/waterinformation/wir/reports/publish/606218/606218.htm
607002607002 - ChannybearupComments:No additonal comments.,Lefroy Brook,Channybearup,06:05 27Aug2025,10.714,0.656,0.000,STEADY,11.769,25JUN1988,https://kumina.water.wa.gov.au/waterinformation/wir/reports/publish/607002/tel.htm,https://kumina.water.wa.gov.au/waterinformation/wir/reports/publish/607002/607002.htm
607003607003 - Wheatley FarmComments:No additonal comments.,Warren River,Wheatley Farm,06:05 27Aug2025,11.340,1.335,0.017,STEADY,13.700,25JAN1982,https://kumina.water.wa.gov.au/waterinformation/wir/reports/publish/607003/tel.htm,https://kumina.water.wa.gov.au/waterinformation/wir/reports/publish/607003/607003.htm
607004607004 - Quabicup HillComments:No additonal comments.,Perup River,Quabicup Hill,06:05 27Aug2025,11.027,1.023,-0.004,STEADY,11.917,26JUN1988,https://kumina.water.wa.gov.au/waterinformation/wir/reports/publish/607004/tel.htm,https://kumina.water.wa.gov.au/waterinformation/wir/reports/publish/607004/607004.htm
607007607007 - BullilupComments:No additonal comments.,Tone River,Bullilup,06:00 27Aug2025,11.418,1.418,-0.012,STEADY,13.953,23JAN1982,https://kumina.water.wa.gov.au/waterinformation/wir/reports/publish/607007/tel.htm,https://kumina.water.wa.gov.au/waterinformation/wir/reports/publish/607007/607007.htm
607010607010 - March Rd Catchment EComments:No additonal comments.,Six Mile Brook Tributary,March Rd Catchment E,06:05 27Aug2025,10.286,0.286,-0.002,STEADY,10.868,19AUG1985,https://kumina.water.wa.gov.au/waterinformation/wir/reports/publish/607010/tel.htm,https://kumina.water.wa.gov.au/waterinformation/wir/reports/publish/607010/607010.htm
607012607012 - April Rd Sth Catch GComments:No additonal comments.,Quininup Brook Tributary,April Rd Sth Catch G,06:00 27Aug2025,10.325,0.325,-0.003,STEADY,10.594,30JUN1978,https://kumina.water.wa.gov.au/waterinformation/wir/reports/publish/607012/tel.htm,https://kumina.water.wa.gov.au/waterinformation/wir/reports/publish/607012/607012.htm
607013607013 - Rainbow TrailComments:No additonal comments.,Lefroy Brook,Rainbow Trail,06:05 27Aug2025,10.961,0.961,0.002,STEADY,11.558,25JUN1988,https://kumina.water.wa.gov.au/waterinformation/wir/reports/publish/607013/tel.htm,https://kumina.water.wa.gov.au/waterinformation/wir/reports/publish/607013/607013.htm
607022607022 - CascadesComments:No additonal comments.,Lefroy Brook,Cascades,11:30 24Jul2025,10.485,0.537,0.002,UNRELIABLE,NO RECORD,NO RECORD,https://kumina.water.wa.gov.au/waterinformation/wir/reports/publish/607022/tel.htm,https://kumina.water.wa.gov.au/waterinformation/wir/reports/publish/607022/607022.htm
607027607027 - Hillier RdComments:No additonal comments.,Tone River,Hillier Rd,06:05 27Aug2025,10.770,0.738,-0.016,STEADY,12.782,19MAY2005,https://kumina.water.wa.gov.au/waterinformation/wir/reports/publish/607027/tel.htm,https://kumina.water.wa.gov.au/waterinformation/wir/reports/publish/607027/607027.htm
607144607144 - QuintarrupComments:No additonal comments.,Wilgarup River,Quintarrup,06:05 27Aug2025,11.515,0.965,0.004,STEADY,13.341,04AUG1964,https://kumina.water.wa.gov.au/waterinformation/wir/reports/publish/607144/tel.htm,https://kumina.water.wa.gov.au/waterinformation/wir/reports/publish/607144/607144.htm
607155607155 - Malimup TrackComments:No additonal comments.,Dombakup Brook,Malimup Track,00:05 27Aug2025,11.753,1.749,-0.001,STEADY,13.185,11JUL1964,https://kumina.water.wa.gov.au/waterinformation/wir/reports/publish/607155/tel.htm,https://kumina.water.wa.gov.au/waterinformation/wir/reports/publish/607155/607155.htm
607220607220 - Barker Rd CrossingComments:No additonal comments.,Warren River,Barker Rd Crossing,06:05 27Aug2025,12.272,2.290,0.008,STEADY,14.632,19JUL1967,https://kumina.water.wa.gov.au/waterinformation/wir/reports/publish/607220/tel.htm,https://kumina.water.wa.gov.au/waterinformation/wir/reports/publish/607220/607220.htm
608002608002 - Staircase RdComments:No additonal comments.,Carey Brook,Staircase Rd,06:05 27Aug2025,10.556,0.571,-0.001,STEADY,10.775,25JUN1988,https://kumina.water.wa.gov.au/waterinformation/wir/reports/publish/608002/tel.htm,https://kumina.water.wa.gov.au/waterinformation/wir/reports/publish/608002/608002.htm
608004608004 - Lewin North Catch CComments:No additonal comments.,Easter Brook Trib,Lewin North Catch C,06:05 27Aug2025,10.341,0.341,-0.002,STEADY,10.591,18AUG2024,https://kumina.water.wa.gov.au/waterinformation/wir/reports/publish/608004/tel.htm,https://kumina.water.wa.gov.au/waterinformation/wir/reports/publish/608004/608004.htm
608005608005 - Lewin South Catch DComments:No additonal comments.,Easter Brook Trib,Lewin South Catch D,06:05 27Aug2025,10.182,0.182,-0.001,STEADY,10.567,25JUN1988,https://kumina.water.wa.gov.au/waterinformation/wir/reports/publish/608005/tel.htm,https://kumina.water.wa.gov.au/waterinformation/wir/reports/publish/608005/608005.htm
608007608007 - Boundary RoadComments:No additonal comments.,Record Brook,Boundary Road,03:00 27Aug2025,10.285,0.285,0.000,STEADY,10.667,26JUN1988,https://kumina.water.wa.gov.au/waterinformation/wir/reports/publish/608007/tel.htm,https://kumina.water.wa.gov.au/waterinformation/wir/reports/publish/608007/608007.htm
608013608013 - South End Boat RampComments:No additonal comments.,Lake Jasper,South End Boat Ramp,06:05 27Aug2025,38.835,38.835,0.005,STEADY,39.894,29SEP2009,https://kumina.water.wa.gov.au/waterinformation/wir/reports/publish/608013/te8.htm,https://kumina.water.wa.gov.au/waterinformation/wir/reports/publish/608013/608013.htm
608020608020 - Manji Bk OutflowComments:No additonal comments.,Manjimup Brook,Manji Bk Outflow,03:00 27Aug2025,11.156,0.861,-0.004,STEADY,11.764,17JUL2016,https://kumina.water.wa.gov.au/waterinformation/wir/reports/publish/608020/tel.htm,https://kumina.water.wa.gov.au/waterinformation/wir/reports/publish/608020/608020.htm
608151608151 - StricklandComments:No additonal comments.,Donnelly River,Strickland,06:00 27Aug2025,10.883,0.884,-0.001,STEADY,14.615,23AUG1955,https://kumina.water.wa.gov.au/waterinformation/wir/reports/publish/608151/tel.htm,https://kumina.water.wa.gov.au/waterinformation/wir/reports/publish/608151/608151.htm
608171608171 - Boat Landing RoadComments:No additonal comments.,Fly Brook,Boat Landing Road,06:05 27Aug2025,11.404,0.848,-0.009,STEADY,12.539,27AUG1962,https://kumina.water.wa.gov.au/waterinformation/wir/reports/publish/608171/tel.htm,https://kumina.water.wa.gov.au/waterinformation/wir/reports/publish/608171/608171.htm
609001609001 - Crouch RoadComments:No additonal comments.,Rosa Brook,Crouch Road,06:00 27Aug2025,10.307,0.309,-0.001,STEADY,11.997,04AUG1974,https://kumina.water.wa.gov.au/waterinformation/wir/reports/publish/609001/tel.htm,https://kumina.water.wa.gov.au/waterinformation/wir/reports/publish/609001/609001.htm
609002609002 - Brennans FordComments:No additonal comments.,Scott River,Brennans Ford,06:05 27Aug2025,11.344,1.345,-0.002,STEADY,12.297,26JUN1988,https://kumina.water.wa.gov.au/waterinformation/wir/reports/publish/609002/tel.htm,https://kumina.water.wa.gov.au/waterinformation/wir/reports/publish/609002/609002.htm
609005609005 - Mandelup PoolComments:No additonal comments.,Balgarup River,Mandelup Pool,06:05 27Aug2025,10.285,0.292,-0.004,STEADY,12.230,22JAN1982,https://kumina.water.wa.gov.au/waterinformation/wir/reports/publish/609005/tel.htm,https://kumina.water.wa.gov.au/waterinformation/wir/reports/publish/609005/609005.htm
609010609010 - Lake Toolibin InflowComments:Road Xing = 10.81m,Northern Arthur River,Lake Toolibin Inflow,06:00 27Aug2025,10.251,0.251,-0.003,STEADY,11.484,11FEB2017,https://kumina.water.wa.gov.au/waterinformation/wir/reports/publish/609010/tel.htm,https://kumina.water.wa.gov.au/waterinformation/wir/reports/publish/609010/609010.htm
609012609012 - WinnejupComments:No additonal comments.,Blackwood River,Winnejup,06:00 27Aug2025,11.629,1.514,-0.077,FALLING,15.774,24JAN1982,https://kumina.water.wa.gov.au/waterinformation/wir/reports/publish/609012/tel.htm,https://kumina.water.wa.gov.au/waterinformation/wir/reports/publish/609012/609012.htm
609014609014 - Mount BrownComments:Road is 13.17m.,Arthur River,Mount Brown,06:05 27Aug2025,10.489,0.488,0.001,STEADY,13.724,21JAN1982,https://kumina.water.wa.gov.au/waterinformation/wir/reports/publish/609014/tel.htm,https://kumina.water.wa.gov.au/waterinformation/wir/reports/publish/609014/609014.htm
609015609015 - ManywatersComments:No additonal comments.,Beaufort River,Manywaters,06:05 27Aug2025,10.916,0.668,-0.003,STEADY,13.266,21JAN1982,https://kumina.water.wa.gov.au/waterinformation/wir/reports/publish/609015/tel.htm,https://kumina.water.wa.gov.au/waterinformation/wir/reports/publish/609015/609015.htm
609018609018 - Barrabup PoolComments:No additonal comments.,St John Brook,Barrabup Pool,06:05 27Aug2025,11.137,1.130,0.007,STEADY,13.251,17JUL2016,https://kumina.water.wa.gov.au/waterinformation/wir/reports/publish/609018/tel.htm,https://kumina.water.wa.gov.au/waterinformation/wir/reports/publish/609018/609018.htm
609019609019 - Hut PoolComments:Road is 11.18m Stage,Blackwood River Hut Pool,Hut Pool,18:15 26Aug2025,12.974,2.999,-0.005,STEADY,17.861,01AUG1996,https://kumina.water.wa.gov.au/waterinformation/wir/reports/publish/609019/tel.htm,https://kumina.water.wa.gov.au/waterinformation/wir/reports/publish/609019/609019.htm
609022609022 - White ElephantComments:No additonal comments.,Chapman Brook,White Elephant,06:05 27Aug2025,11.080,1.121,-0.009,STEADY,13.455,15JUL2013,https://kumina.water.wa.gov.au/waterinformation/wir/reports/publish/609022/tel.htm,https://kumina.water.wa.gov.au/waterinformation/wir/reports/publish/609022/609022.htm
609023609023 - Forest GroveComments:No additonal comments.,Chapman Brook,Forest Grove,06:00 27Aug2025,10.553,0.536,-0.003,STEADY,11.856,15JUL2013,https://kumina.water.wa.gov.au/waterinformation/wir/reports/publish/609023/tel.htm,https://kumina.water.wa.gov.au/waterinformation/wir/reports/publish/609023/609023.htm
609025609025 - DarradupComments:No additonal comments.,Blackwood River,Darradup,00:05 27Aug2025,13.046,3.081,0.027,RISING,22.717,27JAN1982,https://kumina.water.wa.gov.au/waterinformation/wir/reports/publish/609025/tel.htm,https://kumina.water.wa.gov.au/waterinformation/wir/reports/publish/609025/609025.htm
609040609040 - BridgetownComments:Bridge deck = 20.4m & 1982 = 18.1m Stage,Blackwood River,Bridgetown,06:00 27Aug2025,12.349,2.349,-0.003,STEADY,14.165,02AUG2021,https://kumina.water.wa.gov.au/waterinformation/wir/reports/publish/609040/tel.htm,https://kumina.water.wa.gov.au/waterinformation/wir/reports/publish/609040/609040.htm
609041609041 - GingilupComments:No additonal comments.,Blackwood River,Gingilup,06:00 27Aug2025,14.283,4.223,0.018,STEADY,18.708,04AUG2021,https://kumina.water.wa.gov.au/waterinformation/wir/reports/publish/609041/tel.htm,https://kumina.water.wa.gov.au/waterinformation/wir/reports/publish/609041/609041.htm
"609058609058 - Caravan ParkComments:Bridge Deck ~=21.3m (66.6m AHD), 1982=23.1m St.",Blackwood River,Caravan Park,06:00 27Aug2025,13.939,3.914,0.009,STEADY,17.336,03AUG2021,https://kumina.water.wa.gov.au/waterinformation/wir/reports/publish/609058/tel.htm,https://kumina.water.wa.gov.au/waterinformation/wir/reports/publish/609058/609058.htm
609059609059 - Flax MillComments:No additonal comments.,Blackwood River,Flax Mill,06:00 27Aug2025,11.908,2.073,-0.004,STEADY,999.999,21JUN2025,https://kumina.water.wa.gov.au/waterinformation/wir/reports/publish/609059/tel.htm,https://kumina.water.wa.gov.au/waterinformation/wir/reports/publish/609059/609059.htm
610001610001 - Willmots FarmComments:No additonal comments.,Margaret River,Willmots Farm,06:00 27Aug2025,10.983,1.063,-0.002,STEADY,12.113,25JUN1988,https://kumina.water.wa.gov.au/waterinformation/wir/reports/publish/610001/tel.htm,https://kumina.water.wa.gov.au/waterinformation/wir/reports/publish/610001/610001.htm
610005610005 - Happy ValleyComments:No additonal comments.,Ludlow River,Happy Valley,06:00 27Aug2025,10.596,0.596,-0.002,STEADY,12.095,28JUL1974,https://kumina.water.wa.gov.au/waterinformation/wir/reports/publish/610005/tel.htm,https://kumina.water.wa.gov.au/waterinformation/wir/reports/publish/610005/610005.htm
610006610006 - WoodlandsComments:No additonal comments.,Wilyabrup Brook,Woodlands,06:05 27Aug2025,11.000,1.018,-0.002,STEADY,12.480,29AUG2018,https://kumina.water.wa.gov.au/waterinformation/wir/reports/publish/610006/tel.htm,https://kumina.water.wa.gov.au/waterinformation/wir/reports/publish/610006/610006.htm
610008610008 - Whicher RangeComments:No additonal comments.,Margaret River North,Whicher Range,06:00 27Aug2025,10.360,0.358,-0.001,STEADY,11.017,04AUG1997,https://kumina.water.wa.gov.au/waterinformation/wir/reports/publish/610008/tel.htm,https://kumina.water.wa.gov.au/waterinformation/wir/reports/publish/610008/610008.htm
610009610009 - LudlowComments:No additonal comments.,Ludlow River,Ludlow,06:05 27Aug2025,10.549,0.422,-0.006,STEADY,12.537,04JUL1999,https://kumina.water.wa.gov.au/waterinformation/wir/reports/publish/610009/tel.htm,https://kumina.water.wa.gov.au/waterinformation/wir/reports/publish/610009/610009.htm
610010610010 - Capel Railway BridgeComments:No additonal comments.,Capel River,Capel Railway Bridge,06:05 27Aug2025,11.976,2.017,-0.006,STEADY,13.848,08AUG2013,https://kumina.water.wa.gov.au/waterinformation/wir/reports/publish/610010/tel.htm,https://kumina.water.wa.gov.au/waterinformation/wir/reports/publish/610010/610010.htm
610014610014 - D/S Hill RdComments:Flood level is 14.0m stage.,Vasse Diversion Drain,D/S Hill Rd,06:05 27Aug2025,10.383,0.383,-0.005,STEADY,14.180,03JUL1999,https://kumina.water.wa.gov.au/waterinformation/wir/reports/publish/610014/tel.htm,https://kumina.water.wa.gov.au/waterinformation/wir/reports/publish/610014/610014.htm
610015610015 - Lennox VineyardComments:River levels effected by pumping,Carbunup,Lennox Vineyard,06:00 27Aug2025,10.920,1.143,-0.003,STEADY,11.913,27JUL2025,https://kumina.water.wa.gov.au/waterinformation/wir/reports/publish/610015/tel.htm,https://kumina.water.wa.gov.au/waterinformation/wir/reports/publish/610015/610015.htm
610025610025 - Wonnerup East RdComments:No additonal comments.,Sabina Diversion,Wonnerup East Rd,06:05 27Aug2025,10.347,0.347,-0.005,STEADY,12.182,17AUG2024,https://kumina.water.wa.gov.au/waterinformation/wir/reports/publish/610025/tel.htm,https://kumina.water.wa.gov.au/waterinformation/wir/reports/publish/610025/610025.htm
610028610028 - JuniperComments:No additonal comments.,Wilyabrup Brook,Juniper,06:00 27Aug2025,10.380,0.627,0.003,STEADY,11.889,29AUG2018,https://kumina.water.wa.gov.au/waterinformation/wir/reports/publish/610028/tel.htm,https://kumina.water.wa.gov.au/waterinformation/wir/reports/publish/610028/610028.htm
610029610029 - GracetownComments:No additonal comments.,Cowaramup Brook,Gracetown,06:00 27Aug2025,10.424,0.473,-0.001,STEADY,11.463,29AUG2018,https://kumina.water.wa.gov.au/waterinformation/wir/reports/publish/610029/tel.htm,https://kumina.water.wa.gov.au/waterinformation/wir/reports/publish/610029/610029.htm
610045610045 - Outlet Diversion DrnComments:No additonal comments.,Vasse River,Outlet Diversion Drn,06:00 27Aug2025,10.218,0.218,-0.004,STEADY,10.771,13SEP2023,https://kumina.water.wa.gov.au/waterinformation/wir/reports/publish/610045/tel.htm,https://kumina.water.wa.gov.au/waterinformation/wir/reports/publish/610045/610045.htm
610062610062 - Wonnerup South RdComments:No additonal comments.,Abba River,Wonnerup South Rd,06:00 27Aug2025,10.703,0.703,-0.010,STEADY,12.519,17AUG2024,https://kumina.water.wa.gov.au/waterinformation/wir/reports/publish/610062/tel.htm,https://kumina.water.wa.gov.au/waterinformation/wir/reports/publish/610062/610062.htm
610219610219 - Yates BridgeComments:No additonal comments.,Capel River,Yates Bridge,06:00 27Aug2025,10.872,0.872,-0.007,STEADY,14.334,15JUL1967,https://kumina.water.wa.gov.au/waterinformation/wir/reports/publish/610219/tel.htm,https://kumina.water.wa.gov.au/waterinformation/wir/reports/publish/610219/610219.htm
611004611004 - Boyanup BridgeComments:No additonal comments.,Preston River,Boyanup Bridge,06:05 27Aug2025,11.014,1.014,-0.003,STEADY,13.865,29AUG2014,https://kumina.water.wa.gov.au/waterinformation/wir/reports/publish/611004/tel.htm,https://kumina.water.wa.gov.au/waterinformation/wir/reports/publish/611004/611004.htm
611007611007 - Sw Hwy FergusonComments:No additonal comments.,Ferguson River,Sw Hwy Ferguson,06:05 27Aug2025,10.271,0.465,-0.002,STEADY,13.170,27JUL1996,https://kumina.water.wa.gov.au/waterinformation/wir/reports/publish/611007/tel.htm,https://kumina.water.wa.gov.au/waterinformation/wir/reports/publish/611007/611007.htm
611009611009 - Lowden Rd BridgeComments:No additonal comments.,Preston River,Lowden Rd Bridge,06:00 27Aug2025,12.000,1.883,-0.013,STEADY,13.297,22AUG2011,https://kumina.water.wa.gov.au/waterinformation/wir/reports/publish/611009/tel.htm,https://kumina.water.wa.gov.au/waterinformation/wir/reports/publish/611009/611009.htm
611026611026 - Dowdells Rd BridgeComments:No additonal comments.,Ferguson River,Dowdells Rd Bridge,06:05 27Aug2025,10.546,0.646,0.000,STEADY,12.204,26JUL1958,https://kumina.water.wa.gov.au/waterinformation/wir/reports/publish/611026/tel.htm,https://kumina.water.wa.gov.au/waterinformation/wir/reports/publish/611026/611026.htm
611111611111 - Woodperry HomesteadComments:No additonal comments.,Thomson Brook,Woodperry Homestead,06:05 27Aug2025,10.760,0.760,-0.003,STEADY,13.104,03AUG1964,https://kumina.water.wa.gov.au/waterinformation/wir/reports/publish/611111/tel.htm,https://kumina.water.wa.gov.au/waterinformation/wir/reports/publish/611111/611111.htm
611226611226 - Donnybrook Dawson RdComments:No additonal comments.,Preston River,Donnybrook Dawson Rd,06:05 27Aug2025,11.981,1.981,-0.006,STEADY,13.009,07SEP2020,https://kumina.water.wa.gov.au/waterinformation/wir/reports/publish/611226/tel.htm,https://kumina.water.wa.gov.au/waterinformation/wir/reports/publish/611226/611226.htm
612001612001 - Coolangatta FarmComments:No additonal comments.,Collie River East,Coolangatta Farm,06:00 27Aug2025,11.201,0.810,-0.008,STEADY,15.083,22JAN1982,https://kumina.water.wa.gov.au/waterinformation/wir/reports/publish/612001/tel.htm,https://kumina.water.wa.gov.au/waterinformation/wir/reports/publish/612001/612001.htm
612002612002 - Mungalup TowerComments:Wellington Dam Inflows,Collie River,Mungalup Tower,06:00 27Aug2025,11.419,1.360,0.007,STEADY,14.625,23JAN1982,https://kumina.water.wa.gov.au/waterinformation/wir/reports/publish/612002/tel.htm,https://kumina.water.wa.gov.au/waterinformation/wir/reports/publish/612002/612002.htm
612004612004 - WorsleyComments:No additonal comments.,Hamilton River,Worsley,06:05 27Aug2025,10.157,0.170,0.000,STEADY,11.556,01AUG1974,https://kumina.water.wa.gov.au/waterinformation/wir/reports/publish/612004/tel.htm,https://kumina.water.wa.gov.au/waterinformation/wir/reports/publish/612004/612004.htm
612007612007 - Dons CatchmentComments:No additonal comments.,Bingham River Trib,Dons Catchment,06:00 27Aug2025,10.142,0.142,-0.001,STEADY,11.228,19MAR1993,https://kumina.water.wa.gov.au/waterinformation/wir/reports/publish/612007/tel.htm,https://kumina.water.wa.gov.au/waterinformation/wir/reports/publish/612007/612007.htm
612008612008 - Ernies CatchmentComments:No additonal comments.,Bingham River Trib,Ernies Catchment,06:00 27Aug2025,9.308,-0.692,0.000,STEADY,11.045,31JUL1974,https://kumina.water.wa.gov.au/waterinformation/wir/reports/publish/612008/tel.htm,https://kumina.water.wa.gov.au/waterinformation/wir/reports/publish/612008/612008.htm
612009612009 - Lemon CatchmentComments:No additonal comments.,Pollard Brook Trib,Lemon Catchment,06:00 27Aug2025,10.260,0.260,-0.001,STEADY,11.624,19MAR1993,https://kumina.water.wa.gov.au/waterinformation/wir/reports/publish/612009/tel.htm,https://kumina.water.wa.gov.au/waterinformation/wir/reports/publish/612009/612009.htm
612014612014 - PalmerComments:No additonal comments.,Bingham River,Palmer,06:00 27Aug2025,10.562,0.552,-0.003,STEADY,11.563,13DEC2012,https://kumina.water.wa.gov.au/waterinformation/wir/reports/publish/612014/tel.htm,https://kumina.water.wa.gov.au/waterinformation/wir/reports/publish/612014/612014.htm
612016612016 - Maxon FarmComments:No additonal comments.,Batalling Creek,Maxon Farm,06:00 27Aug2025,10.268,0.265,-0.003,STEADY,11.430,11NOV1981,https://kumina.water.wa.gov.au/waterinformation/wir/reports/publish/612016/tel.htm,https://kumina.water.wa.gov.au/waterinformation/wir/reports/publish/612016/612016.htm
612022612022 - SandalwoodComments:No additonal comments.,Brunswick River,Sandalwood,06:00 27Aug2025,10.400,0.400,-0.002,STEADY,11.668,22JAN1982,https://kumina.water.wa.gov.au/waterinformation/wir/reports/publish/612022/tel.htm,https://kumina.water.wa.gov.au/waterinformation/wir/reports/publish/612022/612022.htm
612025612025 - James WellComments:No additonal comments.,Camballan Creek,James Well,06:05 27Aug2025,10.375,0.366,-0.002,STEADY,10.988,10SEP1996,https://kumina.water.wa.gov.au/waterinformation/wir/reports/publish/612025/tel.htm,https://kumina.water.wa.gov.au/waterinformation/wir/reports/publish/612025/612025.htm
612034612034 - South BranchComments:No additonal comments.,Collie River,South Branch,06:05 27Aug2025,10.831,0.812,0.004,STEADY,12.928,11AUG1964,https://kumina.water.wa.gov.au/waterinformation/wir/reports/publish/612034/tel.htm,https://kumina.water.wa.gov.au/waterinformation/wir/reports/publish/612034/612034.htm
612035612035 - Central CollieComments:No additonal comments.,Collie River,Central Collie,06:05 27Aug2025,11.148,1.148,0.002,STEADY,15.882,04AUG1964,https://kumina.water.wa.gov.au/waterinformation/wir/reports/publish/612035/tel.htm,https://kumina.water.wa.gov.au/waterinformation/wir/reports/publish/612035/612035.htm
612038612038 - Buckingham MillComments:No additonal comments.,Collie River,Buckingham Mill,06:00 27Aug2025,11.585,1.135,-0.008,STEADY,12.222,20MAY2005,https://kumina.water.wa.gov.au/waterinformation/wir/reports/publish/612038/tel.htm,https://kumina.water.wa.gov.au/waterinformation/wir/reports/publish/612038/612038.htm
612039612039 - Juegenup WellesleyComments:No additonal comments.,Wellesley River,Juegenup Wellesley,06:00 27Aug2025,12.025,2.425,-0.017,STEADY,13.346,22AUG2011,https://kumina.water.wa.gov.au/waterinformation/wir/reports/publish/612039/tel.htm,https://kumina.water.wa.gov.au/waterinformation/wir/reports/publish/612039/612039.htm
612043612043 - Rose RdComments:No additonal comments.,Collie River,Rose Rd,06:00 27Aug2025,11.092,0.991,-0.007,STEADY,14.486,02AUG1996,https://kumina.water.wa.gov.au/waterinformation/wir/reports/publish/612043/tel.htm,https://kumina.water.wa.gov.au/waterinformation/wir/reports/publish/612043/612043.htm
612051612051 - R2P5Comments:No additonal comments.,Brunswick River,R2P5,06:00 27Aug2025,11.049,0.986,0.000,STEADY,12.974,09JUL2021,https://kumina.water.wa.gov.au/waterinformation/wir/reports/publish/612051/tel.htm,https://kumina.water.wa.gov.au/waterinformation/wir/reports/publish/612051/612051.htm
612230612230 - James CrossingComments:No additonal comments.,Collie River East Trib,James Crossing,06:00 27Aug2025,10.363,0.363,-0.002,STEADY,12.711,22NOV1971,https://kumina.water.wa.gov.au/waterinformation/wir/reports/publish/612230/tel.htm,https://kumina.water.wa.gov.au/waterinformation/wir/reports/publish/612230/612230.htm
613002613002 - Dingo RdComments:No additonal comments.,Harvey River,Dingo Rd,06:05 27Aug2025,10.621,0.621,-0.002,STEADY,11.645,22JAN1982,https://kumina.water.wa.gov.au/waterinformation/wir/reports/publish/613002/tel.htm,https://kumina.water.wa.gov.au/waterinformation/wir/reports/publish/613002/613002.htm
613007613007 - WaterousComments:No additonal comments.,Bancell Brook,Waterous,06:05 27Aug2025,10.444,0.444,-0.001,STEADY,11.093,29MAY1974,https://kumina.water.wa.gov.au/waterinformation/wir/reports/publish/613007/tel.htm,https://kumina.water.wa.gov.au/waterinformation/wir/reports/publish/613007/613007.htm
613019613019 - MyalupComments:No additonal comments.,Harvey Diversion Drain,Myalup,06:00 27Aug2025,10.637,0.637,-0.005,STEADY,12.336,03SEP1983,https://kumina.water.wa.gov.au/waterinformation/wir/reports/publish/613019/tel.htm,https://kumina.water.wa.gov.au/waterinformation/wir/reports/publish/613019/613019.htm
613027613027 - YackaboonComments:No additonal comments.,South Coolup Main Drain,Yackaboon,06:00 27Aug2025,10.560,0.350,-0.003,STEADY,11.069,27AUG1992,https://kumina.water.wa.gov.au/waterinformation/wir/reports/publish/613027/tel.htm,https://kumina.water.wa.gov.au/waterinformation/wir/reports/publish/613027/613027.htm
613031613031 - Old Bunbury RdComments:No additonal comments.,Mayfield Drain,Old Bunbury Rd,06:00 27Aug2025,11.259,0.669,-0.010,STEADY,12.612,23JUN1999,https://kumina.water.wa.gov.au/waterinformation/wir/reports/publish/613031/tel.htm,https://kumina.water.wa.gov.au/waterinformation/wir/reports/publish/613031/613031.htm
613036613036 - Forrest HighwayComments:No additonal comments.,Harvey River,Forrest Highway,06:05 27Aug2025,12.593,2.193,-0.022,STEADY,999.999,20JUN2025,https://kumina.water.wa.gov.au/waterinformation/wir/reports/publish/613036/tel.htm,https://kumina.water.wa.gov.au/waterinformation/wir/reports/publish/613036/613036.htm
613053613053 - Johnston RdComments:No additonal comments.,Meredith Drain,Johnston Rd,06:05 27Aug2025,10.554,0.554,-0.002,STEADY,11.062,24JUL1988,https://kumina.water.wa.gov.au/waterinformation/wir/reports/publish/613053/tel.htm,https://kumina.water.wa.gov.au/waterinformation/wir/reports/publish/613053/613053.htm
613146613146 - Hillview FarmComments:No additonal comments.,Clarke Brook,Hillview Farm,06:00 27Aug2025,10.189,0.189,-0.001,STEADY,11.319,17AUG1989,https://kumina.water.wa.gov.au/waterinformation/wir/reports/publish/613146/tel.htm,https://kumina.water.wa.gov.au/waterinformation/wir/reports/publish/613146/613146.htm
61340526134052 - EC and StorageComments:No additonal comments.,Lake Preston Quarry,EC and Storage,06:05 27Aug2025,N/A,N/A,N/A,N/A,100.792,02OCT2024,https://kumina.water.wa.gov.au/waterinformation/wir/reports/publish/6134052/te8.htm,https://kumina.water.wa.gov.au/waterinformation/wir/reports/publish/6134052/6134052.htm
614003614003 - Brookdale SidingComments:No additonal comments.,Marrinup Brook,Brookdale Siding,06:00 27Aug2025,10.541,0.551,-0.004,STEADY,11.853,21JUL1981,https://kumina.water.wa.gov.au/waterinformation/wir/reports/publish/614003/tel.htm,https://kumina.water.wa.gov.au/waterinformation/wir/reports/publish/614003/614003.htm
614006614006 - Baden PowellComments:No additonal comments.,Murray River,Baden Powell,06:00 27Aug2025,11.885,1.935,0.011,STEADY,17.995,05AUG1964,https://kumina.water.wa.gov.au/waterinformation/wir/reports/publish/614006/tel.htm,https://kumina.water.wa.gov.au/waterinformation/wir/reports/publish/614006/614006.htm
614030614030 - Dog HillComments:No additonal comments.,Serpentine Drain,Dog Hill,06:00 27Aug2025,11.185,1.158,-0.038,FALLING,12.552,27JUL2021,https://kumina.water.wa.gov.au/waterinformation/wir/reports/publish/614030/tel.htm,https://kumina.water.wa.gov.au/waterinformation/wir/reports/publish/614030/614030.htm
614035614035 - River RdComments:No additonal comments.,Serpentine River,River Rd,06:00 27Aug2025,10.426,0.417,-0.004,STEADY,11.636,31JUL1996,https://kumina.water.wa.gov.au/waterinformation/wir/reports/publish/614035/tel.htm,https://kumina.water.wa.gov.au/waterinformation/wir/reports/publish/614035/614035.htm
614036614036 - North RdComments:No additonal comments.,North Dandalup River,North Rd,06:00 27Aug2025,10.553,0.548,-0.005,STEADY,11.106,14AUG2009,https://kumina.water.wa.gov.au/waterinformation/wir/reports/publish/614036/tel.htm,https://kumina.water.wa.gov.au/waterinformation/wir/reports/publish/614036/614036.htm
614037614037 - Oneil RdComments:No additonal comments.,Big Brook,Oneil Rd,06:00 27Aug2025,10.653,0.647,-0.005,STEADY,11.706,30JUL1996,https://kumina.water.wa.gov.au/waterinformation/wir/reports/publish/614037/tel.htm,https://kumina.water.wa.gov.au/waterinformation/wir/reports/publish/614037/614037.htm
614044614044 - Yarragil FormationComments:No additonal comments.,Yarragil Brook,Yarragil Formation,06:00 27Aug2025,10.319,0.313,-0.003,STEADY,10.975,01OCT1998,https://kumina.water.wa.gov.au/waterinformation/wir/reports/publish/614044/tel.htm,https://kumina.water.wa.gov.au/waterinformation/wir/reports/publish/614044/614044.htm
614063614063 - KielmanComments:No additonal comments.,Nambeelup Brook,Kielman,06:00 27Aug2025,11.167,1.171,-0.018,STEADY,11.782,23JUN1991,https://kumina.water.wa.gov.au/waterinformation/wir/reports/publish/614063/tel.htm,https://kumina.water.wa.gov.au/waterinformation/wir/reports/publish/614063/614063.htm
614065614065 - PinjarraComments:1996 = 16.9m St (7.44m AHD) = 440m3/s,Murray River,Pinjarra,06:00 27Aug2025,10.839,0.839,-0.008,STEADY,16.893,03AUG1996,https://kumina.water.wa.gov.au/waterinformation/wir/reports/publish/614065/tel.htm,https://kumina.water.wa.gov.au/waterinformation/wir/reports/publish/614065/614065.htm
614068614068 - North DandalupComments:No additonal comments.,North Dandalup River,North Dandalup,06:05 27Aug2025,10.610,0.610,-0.006,STEADY,11.546,02JUL2014,https://kumina.water.wa.gov.au/waterinformation/wir/reports/publish/614068/tel.htm,https://kumina.water.wa.gov.au/waterinformation/wir/reports/publish/614068/614068.htm
614094614094 - Yangedi SwampComments:No additonal comments.,Punrack Drain,Yangedi Swamp,06:00 27Aug2025,11.183,0.808,-0.017,STEADY,11.940,30JUL1996,https://kumina.water.wa.gov.au/waterinformation/wir/reports/publish/614094/tel.htm,https://kumina.water.wa.gov.au/waterinformation/wir/reports/publish/614094/614094.htm
614114614114 - LowlandsComments:No additonal comments.,Serpentine River,Lowlands,06:00 27Aug2025,11.189,0.794,-0.013,STEADY,12.446,30JUL2007,https://kumina.water.wa.gov.au/waterinformation/wir/reports/publish/614114/tel.htm,https://kumina.water.wa.gov.au/waterinformation/wir/reports/publish/614114/614114.htm
614125614125 - RivendaleComments:No additonal comments.,Crossman River,Rivendale,06:00 27Aug2025,10.318,0.288,-0.002,STEADY,13.372,10FEB2017,https://kumina.water.wa.gov.au/waterinformation/wir/reports/publish/614125/tel.htm,https://kumina.water.wa.gov.au/waterinformation/wir/reports/publish/614125/614125.htm
614133614133 - Gull Road EastComments:No additonal comments.,Gull Road Drain,Gull Road East,06:05 27Aug2025,10.216,0.214,-0.003,STEADY,10.386,18AUG2024,https://kumina.water.wa.gov.au/waterinformation/wir/reports/publish/614133/tel.htm,https://kumina.water.wa.gov.au/waterinformation/wir/reports/publish/614133/614133.htm
614196614196 - Saddleback Rd BridgeComments:No additonal comments.,Williams River,Saddleback Rd Bridge,06:00 27Aug2025,11.680,1.703,-0.005,STEADY,15.653,22JAN1982,https://kumina.water.wa.gov.au/waterinformation/wir/reports/publish/614196/tel.htm,https://kumina.water.wa.gov.au/waterinformation/wir/reports/publish/614196/614196.htm
614224614224 - Marradong Rd BridgeComments:No additonal comments.,Hotham River,Marradong Rd Bridge,06:00 27Aug2025,11.197,1.190,-0.005,STEADY,14.601,30JUN1983,https://kumina.water.wa.gov.au/waterinformation/wir/reports/publish/614224/tel.htm,https://kumina.water.wa.gov.au/waterinformation/wir/reports/publish/614224/614224.htm
615012615012 - Kwolyn HillComments:Jan 2000 peak was 11.76m on 27/1,Lockhart River,Kwolyn Hill,07:05 27Aug2025,10.179,0.184,0.002,STEADY,11.700,23JAN2000,https://kumina.water.wa.gov.au/waterinformation/wir/reports/publish/615012/tel.htm,https://kumina.water.wa.gov.au/waterinformation/wir/reports/publish/615012/615012.htm
615013615013 - FrenchesComments:No additonal comments.,Mortlock River North,Frenches,07:00 27Aug2025,10.465,0.465,-0.002,STEADY,12.581,10FEB2017,https://kumina.water.wa.gov.au/waterinformation/wir/reports/publish/615013/tel.htm,https://kumina.water.wa.gov.au/waterinformation/wir/reports/publish/615013/615013.htm
615015615015 - Gairdners XingComments:No additonal comments.,Yilgarn River,Gairdners Xing,07:00 27Aug2025,10.094,0.094,-0.005,STEADY,11.667,20JUN1989,https://kumina.water.wa.gov.au/waterinformation/wir/reports/publish/615015/tel.htm,https://kumina.water.wa.gov.au/waterinformation/wir/reports/publish/615015/615015.htm
615020615020 - Odriscolls FarmComments:No additonal comments.,Mortlock River,Odriscolls Farm,07:00 27Aug2025,10.625,0.629,0.001,STEADY,12.761,11FEB2017,https://kumina.water.wa.gov.au/waterinformation/wir/reports/publish/615020/tel.htm,https://kumina.water.wa.gov.au/waterinformation/wir/reports/publish/615020/615020.htm
615022615022 - Qualandary CrossingComments:Road=10.0m; Culv invert=7.67m BI=8.98m,Salt River,Qualandary Crossing,07:00 27Aug2025,8.720,0.845,0.003,STEADY,10.841,14FEB2017,https://kumina.water.wa.gov.au/waterinformation/wir/reports/publish/615022/tel.htm,https://kumina.water.wa.gov.au/waterinformation/wir/reports/publish/615022/615022.htm
615024615024 - Balladong St YorkComments:Flood level= 12.2m (170.7m AHD) in York township,Avon River,Balladong St York,07:00 27Aug2025,11.783,1.287,-0.006,STEADY,13.260,22JUL2021,https://kumina.water.wa.gov.au/waterinformation/wir/reports/publish/615024/tel.htm,https://kumina.water.wa.gov.au/waterinformation/wir/reports/publish/615024/615024.htm
615025615025 - Beverley BridgeComments:Flood level= 11.8m (192.6AHD) in Beverley township,Avon River,Beverley Bridge,07:00 27Aug2025,10.396,0.626,-0.008,STEADY,12.105,15FEB2017,https://kumina.water.wa.gov.au/waterinformation/wir/reports/publish/615025/tel.htm,https://kumina.water.wa.gov.au/waterinformation/wir/reports/publish/615025/615025.htm
615026615026 - Stirling Tce ToodyayComments:No additonal comments.,Avon River,Stirling Tce Toodyay,07:00 27Aug2025,11.304,1.244,0.032,RISING,14.074,11FEB2017,https://kumina.water.wa.gov.au/waterinformation/wir/reports/publish/615026/tel.htm,https://kumina.water.wa.gov.au/waterinformation/wir/reports/publish/615026/615026.htm
615027615027 - Waterhatch BridgeComments:Jan 2000=12.54m (185.3m AHD),Dale River,Waterhatch Bridge,07:00 27Aug2025,11.733,1.483,-0.026,FALLING,13.562,21JUL2021,https://kumina.water.wa.gov.au/waterinformation/wir/reports/publish/615027/tel.htm,https://kumina.water.wa.gov.au/waterinformation/wir/reports/publish/615027/615027.htm
615047615047 - Bells FarmComments:No additonal comments.,Avon River,Bells Farm,07:00 27Aug2025,10.616,0.646,-0.006,STEADY,13.047,14FEB2017,https://kumina.water.wa.gov.au/waterinformation/wir/reports/publish/615047/tel.htm,https://kumina.water.wa.gov.au/waterinformation/wir/reports/publish/615047/615047.htm
615062615062 - Northam WeirComments:Flood level = 11.5m (147.4m AHD) Northam pool west,Avon River,Northam Weir,07:00 27Aug2025,10.458,0.464,0.008,STEADY,11.326,26JUL1983,https://kumina.water.wa.gov.au/waterinformation/wir/reports/publish/615062/tel.htm,https://kumina.water.wa.gov.au/waterinformation/wir/reports/publish/615062/615062.htm
615063615063 - Boyagarra RdComments:No additonal comments.,Avon River,Boyagarra Rd,07:00 27Aug2025,11.377,1.279,-0.008,STEADY,12.874,13FEB2017,https://kumina.water.wa.gov.au/waterinformation/wir/reports/publish/615063/tel.htm,https://kumina.water.wa.gov.au/waterinformation/wir/reports/publish/615063/615063.htm
616001616001 - Karls RanchComments:No additonal comments.,Wooroloo Brook,Karls Ranch,07:00 27Aug2025,10.835,0.830,-0.007,STEADY,12.985,11JUL1964,https://kumina.water.wa.gov.au/waterinformation/wir/reports/publish/616001/tel.htm,https://kumina.water.wa.gov.au/waterinformation/wir/reports/publish/616001/616001.htm
616002616002 - Pine PlantationComments:No additonal comments.,Darkin River,Pine Plantation,07:00 27Aug2025,10.899,0.657,-0.013,STEADY,13.093,01AUG1974,https://kumina.water.wa.gov.au/waterinformation/wir/reports/publish/616002/tel.htm,https://kumina.water.wa.gov.au/waterinformation/wir/reports/publish/616002/616002.htm
616004616004 - Meadow Street BridgeComments:River TIDAL,Swan River,Meadow Street Bridge,07:05 27Aug2025,10.404,0.404,-0.022,STEADY,13.634,27JUL1983,https://kumina.water.wa.gov.au/waterinformation/wir/reports/publish/616004/tel.htm,https://kumina.water.wa.gov.au/waterinformation/wir/reports/publish/616004/616004.htm
616006616006 - TanamerahComments:No additonal comments.,Brockman River,Tanamerah,07:00 27Aug2025,11.159,1.159,-0.001,STEADY,11.870,21JUL1995,https://kumina.water.wa.gov.au/waterinformation/wir/reports/publish/616006/tel.htm,https://kumina.water.wa.gov.au/waterinformation/wir/reports/publish/616006/616006.htm
616011616011 - WalyungaComments:No additonal comments.,Swan River,Walyunga,07:00 27Aug2025,12.005,2.130,-0.010,STEADY,16.629,27JUL1983,https://kumina.water.wa.gov.au/waterinformation/wir/reports/publish/616011/tel.htm,https://kumina.water.wa.gov.au/waterinformation/wir/reports/publish/616011/616011.htm
616012616012 - Trew Rd GsComments:No additonal comments.,Helena Brook,Trew Rd Gs,08:00 27Aug2025,10.345,0.341,-0.002,STEADY,11.167,01AUG1974,https://kumina.water.wa.gov.au/waterinformation/wir/reports/publish/616012/tel.htm,https://kumina.water.wa.gov.au/waterinformation/wir/reports/publish/616012/616012.htm
616013616013 - NgangaguringuringComments:Technical Fault,Helena River,Ngangaguringuring,00:00 18May2025,10.117,0.120,0.000,UNRELIABLE,NO RECORD,NO RECORD,https://kumina.water.wa.gov.au/waterinformation/wir/reports/publish/616013/tel.htm,https://kumina.water.wa.gov.au/waterinformation/wir/reports/publish/616013/616013.htm
616019616019 - YalliawirraComments:No additonal comments.,Brockman River,Yalliawirra,07:00 27Aug2025,11.182,1.182,-0.008,STEADY,11.921,21JUL1995,https://kumina.water.wa.gov.au/waterinformation/wir/reports/publish/616019/tel.htm,https://kumina.water.wa.gov.au/waterinformation/wir/reports/publish/616019/616019.htm
616027616027 - Seaforth GosnellsComments:No additonal comments.,Canning River,Seaforth Gosnells,07:00 27Aug2025,10.462,0.462,-0.007,STEADY,11.593,09JUL2021,https://kumina.water.wa.gov.au/waterinformation/wir/reports/publish/616027/tel.htm,https://kumina.water.wa.gov.au/waterinformation/wir/reports/publish/616027/616027.htm
616041616041 - Vardi RdComments:No additonal comments.,Wungong Brook,Vardi Rd,07:00 27Aug2025,10.366,0.369,-0.002,STEADY,11.291,29JUL1987,https://kumina.water.wa.gov.au/waterinformation/wir/reports/publish/616041/tel.htm,https://kumina.water.wa.gov.au/waterinformation/wir/reports/publish/616041/616041.htm
616065616065 - Glen EagleComments:No additonal comments.,Canning River,Glen Eagle,07:05 27Aug2025,10.540,0.523,-0.004,STEADY,12.060,04AUG1964,https://kumina.water.wa.gov.au/waterinformation/wir/reports/publish/616065/tel.htm,https://kumina.water.wa.gov.au/waterinformation/wir/reports/publish/616065/616065.htm
616084616084 - Valley Brook Rd CavershamComments:No additonal comments.,Bennett Brook,Valley Brook Rd Caversham,07:00 27Aug2025,10.653,0.727,-0.003,STEADY,11.326,01AUG1991,https://kumina.water.wa.gov.au/waterinformation/wir/reports/publish/616084/tel.htm,https://kumina.water.wa.gov.au/waterinformation/wir/reports/publish/616084/616084.htm
616088616088 - Sweeting Bridge Gt Nth Hwy Middle SwanComments:No additonal comments.,Jane Brook,Sweeting Bridge Gt Nth Hwy Middle Swan,07:05 27Aug2025,11.593,1.613,-0.016,STEADY,12.535,30JUL2008,https://kumina.water.wa.gov.au/waterinformation/wir/reports/publish/616088/tel.htm,https://kumina.water.wa.gov.au/waterinformation/wir/reports/publish/616088/616088.htm
616092616092 - Anaconda Drive HuntingdaleComments:No additonal comments.,Southern River,Anaconda Drive Huntingdale,07:00 27Aug2025,11.832,1.841,-0.008,STEADY,12.400,17JUL2000,https://kumina.water.wa.gov.au/waterinformation/wir/reports/publish/616092/tel.htm,https://kumina.water.wa.gov.au/waterinformation/wir/reports/publish/616092/616092.htm
616093616093 - Weir U/SComments:No additonal comments.,Canning River Kent Street Weir,Weir U/S,07:00 27Aug2025,10.751,0.751,-0.007,STEADY,11.180,16MAY2003,https://kumina.water.wa.gov.au/waterinformation/wir/reports/publish/616093/tel.htm,https://kumina.water.wa.gov.au/waterinformation/wir/reports/publish/616093/616093.htm
616094616094 - Weir D/SComments:No additonal comments.,Canning River Kent Street Weir,Weir D/S,07:00 27Aug2025,10.170,0.370,-0.019,STEADY,11.171,16MAY2003,https://kumina.water.wa.gov.au/waterinformation/wir/reports/publish/616094/tel.htm,https://kumina.water.wa.gov.au/waterinformation/wir/reports/publish/616094/616094.htm
616099616099 - River Rd Herne HillComments:No additonal comments.,Susannah Brook,River Rd Herne Hill,07:05 27Aug2025,10.813,0.656,-0.008,STEADY,11.925,30JUL2008,https://kumina.water.wa.gov.au/waterinformation/wir/reports/publish/616099/tel.htm,https://kumina.water.wa.gov.au/waterinformation/wir/reports/publish/616099/616099.htm
616133616133 - Cleaver TerraceComments:No additonal comments.,South Belmont Main Drain,Cleaver Terrace,07:00 27Aug2025,10.222,0.220,-0.001,STEADY,11.362,24JUN2011,https://kumina.water.wa.gov.au/waterinformation/wir/reports/publish/616133/tel.htm,https://kumina.water.wa.gov.au/waterinformation/wir/reports/publish/616133/616133.htm
616134616134 - Acacia PlaceComments:No additonal comments.,Bannister Creek,Acacia Place,07:00 27Aug2025,10.221,0.221,-0.001,STEADY,10.799,10FEB2017,https://kumina.water.wa.gov.au/waterinformation/wir/reports/publish/616134/tel.htm,https://kumina.water.wa.gov.au/waterinformation/wir/reports/publish/616134/616134.htm
616178616178 - National ParkComments:No additonal comments.,Jane Brook,National Park,07:05 27Aug2025,10.379,0.380,-0.002,STEADY,11.329,30JUL1981,https://kumina.water.wa.gov.au/waterinformation/wir/reports/publish/616178/tel.htm,https://kumina.water.wa.gov.au/waterinformation/wir/reports/publish/616178/616178.htm
616189616189 - Almeria Pde Upper SwanComments:No additonal comments.,Ellen Brook,Almeria Pde Upper Swan,07:05 27Aug2025,10.998,0.999,-0.004,STEADY,12.351,07OCT1965,https://kumina.water.wa.gov.au/waterinformation/wir/reports/publish/616189/tel.htm,https://kumina.water.wa.gov.au/waterinformation/wir/reports/publish/616189/616189.htm
616216616216 - Poison Lease GsComments:No additonal comments.,Helena River,Poison Lease Gs,18:00 26Aug2025,10.448,0.448,-0.002,STEADY,12.664,01AUG1974,https://kumina.water.wa.gov.au/waterinformation/wir/reports/publish/616216/tel.htm,https://kumina.water.wa.gov.au/waterinformation/wir/reports/publish/616216/616216.htm
616233616233 - Roe HighwayComments:No additonal comments.,Helena River,Roe Highway,07:00 27Aug2025,47.915,0.998,-0.020,STEADY,47.923,05JUL2019,https://kumina.water.wa.gov.au/waterinformation/wir/reports/publish/616233/tel.htm,https://kumina.water.wa.gov.au/waterinformation/wir/reports/publish/616233/616233.htm
"616234616234 - Bassendean RoadComments:Gauge currently affected by downstream construction, no flow data available",Bayswater Main Drain,Bassendean Road,07:00 27Aug2025,10.208,0.198,-0.001,STEADY,11.619,04JUN2023,https://kumina.water.wa.gov.au/waterinformation/wir/reports/publish/616234/tel.htm,https://kumina.water.wa.gov.au/waterinformation/wir/reports/publish/616234/616234.htm
617001617001 - Quinns FordComments:No additonal comments.,Moore River,Quinns Ford,07:00 27Aug2025,13.163,2.978,0.004,STEADY,15.433,22MAR1999,https://kumina.water.wa.gov.au/waterinformation/wir/reports/publish/617001/tel.htm,https://kumina.water.wa.gov.au/waterinformation/wir/reports/publish/617001/617001.htm
617002617002 - Hill River SpringsComments:No additonal comments.,Hill River,Hill River Springs,07:05 27Aug2025,11.018,1.018,-0.010,STEADY,12.099,17AUG2022,https://kumina.water.wa.gov.au/waterinformation/wir/reports/publish/617002/tel.htm,https://kumina.water.wa.gov.au/waterinformation/wir/reports/publish/617002/617002.htm
617003617003 - Bookine BookineComments:No additonal comments.,Gingin Brook,Bookine Bookine,07:00 27Aug2025,11.102,1.114,0.003,STEADY,11.520,30JUL1987,https://kumina.water.wa.gov.au/waterinformation/wir/reports/publish/617003/tel.htm,https://kumina.water.wa.gov.au/waterinformation/wir/reports/publish/617003/617003.htm
617010617010 - Moora Caravan ParkComments:No additonal comments.,Moore River North,Moora Caravan Park,07:05 27Aug2025,12.086,1.785,-0.010,STEADY,14.300,21MAR1999,https://kumina.water.wa.gov.au/waterinformation/wir/reports/publish/617010/tel.htm,https://kumina.water.wa.gov.au/waterinformation/wir/reports/publish/617010/617010.htm
617011617011 - Long Pool BridgeComments:12.54m = Likely to start breakouts at Moora,Moore River North,Long Pool Bridge,07:05 27Aug2025,11.625,1.327,-0.017,STEADY,13.210,20MAR1999,https://kumina.water.wa.gov.au/waterinformation/wir/reports/publish/617011/tel.htm,https://kumina.water.wa.gov.au/waterinformation/wir/reports/publish/617011/617011.htm
617015617015 - Waterville RdComments:Roadway = 12.05m; Mar99 = 12.6m,Moore River,Waterville Rd,07:05 27Aug2025,10.937,0.937,0.009,STEADY,12.652,19AUG2022,https://kumina.water.wa.gov.au/waterinformation/wir/reports/publish/617015/tel.htm,https://kumina.water.wa.gov.au/waterinformation/wir/reports/publish/617015/617015.htm
617017617017 - ArdrossComments:No additonal comments.,Hill River,Ardross,07:00 27Aug2025,12.188,2.188,-0.003,STEADY,13.469,17AUG2022,https://kumina.water.wa.gov.au/waterinformation/wir/reports/publish/617017/tel.htm,https://kumina.water.wa.gov.au/waterinformation/wir/reports/publish/617017/617017.htm
617058617058 - GinginComments:No additonal comments.,Gingin Brook,Gingin,08:00 27Aug2025,10.807,0.704,-0.008,STEADY,11.080,09AUG2025,https://kumina.water.wa.gov.au/waterinformation/wir/reports/publish/617058/tel.htm,https://kumina.water.wa.gov.au/waterinformation/wir/reports/publish/617058/617058.htm
617165617165 - Molecap HillComments:No additonal comments.,Lennard Brook,Molecap Hill,07:00 27Aug2025,10.289,0.389,-0.003,STEADY,11.004,26JUL1967,https://kumina.water.wa.gov.au/waterinformation/wir/reports/publish/617165/tel.htm,https://kumina.water.wa.gov.au/waterinformation/wir/reports/publish/617165/617165.htm
701002701002 - Karlanew PeakComments:No additonal comments.,Greenough River,Karlanew Peak,07:00 27Aug2025,10.844,0.803,-0.011,STEADY,16.046,15JAN2006,https://kumina.water.wa.gov.au/waterinformation/wir/reports/publish/701002/tel.htm,https://kumina.water.wa.gov.au/waterinformation/wir/reports/publish/701002/701002.htm
701007701007 - UtakarraComments:No additonal comments.,Chapman River,Utakarra,07:00 27Aug2025,11.828,1.828,-0.033,FALLING,15.996,27MAY1999,https://kumina.water.wa.gov.au/waterinformation/wir/reports/publish/701007/tel.htm,https://kumina.water.wa.gov.au/waterinformation/wir/reports/publish/701007/701007.htm
701008701008 - Pindarring RocksComments:No additonal comments.,Greenough River,Pindarring Rocks,07:05 27Aug2025,10.113,0.104,0.000,STEADY,14.440,13JAN2006,https://kumina.water.wa.gov.au/waterinformation/wir/reports/publish/701008/tel.htm,https://kumina.water.wa.gov.au/waterinformation/wir/reports/publish/701008/701008.htm
701009701009 - Mountain BridgeComments:1999=16.88 (=29.1mAHD),Irwin River,Mountain Bridge,07:00 27Aug2025,11.796,1.796,-0.031,FALLING,16.883,28MAY1999,https://kumina.water.wa.gov.au/waterinformation/wir/reports/publish/701009/tel.htm,https://kumina.water.wa.gov.au/waterinformation/wir/reports/publish/701009/701009.htm
701010701010 - YerinaComments:No additonal comments.,Hutt River,Yerina,08:00 27Aug2025,11.008,1.008,0.014,STEADY,13.447,27MAY1999,https://kumina.water.wa.gov.au/waterinformation/wir/reports/publish/701010/tel.htm,https://kumina.water.wa.gov.au/waterinformation/wir/reports/publish/701010/701010.htm
701012701012 - MitthutharraComments:No additonal comments.,Greenough River,Mitthutharra,07:00 27Aug2025,10.328,0.358,0.000,STEADY,16.484,14JAN2006,https://kumina.water.wa.gov.au/waterinformation/wir/reports/publish/701012/tel.htm,https://kumina.water.wa.gov.au/waterinformation/wir/reports/publish/701012/701012.htm
701013701013 - YatharaggaComments:1999=16.58 (=149.8mAHD),Irwin River,Yatharagga,07:00 27Aug2025,10.823,0.711,-0.021,STEADY,15.902,29APR2008,https://kumina.water.wa.gov.au/waterinformation/wir/reports/publish/701013/tel.htm,https://kumina.water.wa.gov.au/waterinformation/wir/reports/publish/701013/701013.htm
701015701015 - Strawberry BridgeComments:1999=16.12 (=98.8mAHD) Floodwy=14.4mSt,Irwin River,Strawberry Bridge,07:00 27Aug2025,9.983,1.768,-0.020,STEADY,14.755,08FEB2008,https://kumina.water.wa.gov.au/waterinformation/wir/reports/publish/701015/tel.htm,https://kumina.water.wa.gov.au/waterinformation/wir/reports/publish/701015/701015.htm
702001702001 - Emu SpringsComments:No additonal comments.,Murchison River,Emu Springs,08:00 27Aug2025,10.348,0.366,-0.005,STEADY,17.847,15MAR2006,https://kumina.water.wa.gov.au/waterinformation/wir/reports/publish/702001/tel.htm,https://kumina.water.wa.gov.au/waterinformation/wir/reports/publish/702001/702001.htm
703001703001 - Meedo PoolComments:No additonal comments.,Wooramel River,Meedo Pool,07:05 27Aug2025,10.834,-0.174,0.001,STEADY,16.311,05FEB2021,https://kumina.water.wa.gov.au/waterinformation/wir/reports/publish/703001/tel.htm,https://kumina.water.wa.gov.au/waterinformation/wir/reports/publish/703001/703001.htm
704139704139 - Nine Mile BridgeComments:No additonal comments.,Gascoyne River,Nine Mile Bridge,07:00 27Aug2025,8.233,-1.767,0.000,STEADY,17.617,04FEB1960,https://kumina.water.wa.gov.au/waterinformation/wir/reports/publish/704139/tel.htm,https://kumina.water.wa.gov.au/waterinformation/wir/reports/publish/704139/704139.htm
704193704193 - Fishy PoolComments:CTF changed [03/02/2004] = 10.07m,Gascoyne River,Fishy Pool,07:00 27Aug2025,9.830,-0.140,0.000,STEADY,25.667,19DEC2010,https://kumina.water.wa.gov.au/waterinformation/wir/reports/publish/704193/tel.htm,https://kumina.water.wa.gov.au/waterinformation/wir/reports/publish/704193/704193.htm
704194704194 - JimbaComments:CTF = 9.73m; orifice now below CTF,Gascoyne River,Jimba,04:05 29Jul2025,9.684,0.174,0.000,UNRELIABLE,21.415,19DEC2010,https://kumina.water.wa.gov.au/waterinformation/wir/reports/publish/704194/tel.htm,https://kumina.water.wa.gov.au/waterinformation/wir/reports/publish/704194/704194.htm
704195704195 - Yinnethara CrossngComments:Telemetry Offline. Road Xing is 10.0m Stage (Culv = 9.0m); CTF=9.20m,Gascoyne River,Yinnethara Crossng,11:45 26Aug2025,8.806,-0.261,0.000,STEADY,14.139,18FEB2011,https://kumina.water.wa.gov.au/waterinformation/wir/reports/publish/704195/tel.htm,https://kumina.water.wa.gov.au/waterinformation/wir/reports/publish/704195/704195.htm
704196704196 - Lyons River XingComments:Technical Fault. CTF is Road Xing = 10.15m,Lyons River,Lyons River Xing,10:00 11Jul2025,9.842,-0.258,0.000,UNRELIABLE,16.867,10MAR2000,https://kumina.water.wa.gov.au/waterinformation/wir/reports/publish/704196/tel.htm,https://kumina.water.wa.gov.au/waterinformation/wir/reports/publish/704196/704196.htm
704197704197 - Pells IslandComments:Telemetry Offline.,Gascoyne River,Pells Island,13:05 26Aug2025,9.739,-0.006,0.001,STEADY,18.221,19DEC2010,https://kumina.water.wa.gov.au/waterinformation/wir/reports/publish/704197/tel.htm,https://kumina.water.wa.gov.au/waterinformation/wir/reports/publish/704197/704197.htm
705001705001 - Minilya BridgeComments:No additonal comments.,Minilya River,Minilya Bridge,07:00 27Aug2025,10.278,-0.072,0.000,STEADY,14.426,24MAR1999,https://kumina.water.wa.gov.au/waterinformation/wir/reports/publish/705001/tel.htm,https://kumina.water.wa.gov.au/waterinformation/wir/reports/publish/705001/705001.htm
706003706003 - NanutarraComments:Road is approx 17.4m stage,Ashburton River,Nanutarra,07:05 27Aug2025,9.293,-0.637,0.000,STEADY,18.128,07FEB1997,https://kumina.water.wa.gov.au/waterinformation/wir/reports/publish/706003/tel.htm,https://kumina.water.wa.gov.au/waterinformation/wir/reports/publish/706003/706003.htm
706209706209 - Capricorn RangeComments:No additonal comments.,Ashburton River,Capricorn Range,07:00 27Aug2025,9.494,-0.306,0.000,STEADY,22.284,12DEC1975,https://kumina.water.wa.gov.au/waterinformation/wir/reports/publish/706209/tel.htm,https://kumina.water.wa.gov.au/waterinformation/wir/reports/publish/706209/706209.htm
707002707002 - YarraloolaComments:No additonal comments.,Robe River,Yarraloola,07:00 27Aug2025,9.512,-0.325,-0.001,STEADY,18.389,17FEB2009,https://kumina.water.wa.gov.au/waterinformation/wir/reports/publish/707002/tel.htm,https://kumina.water.wa.gov.au/waterinformation/wir/reports/publish/707002/707002.htm
707005707005 - ToolungaComments:No additonal comments.,Cane River,Toolunga,07:00 27Aug2025,8.754,-0.016,0.000,STEADY,13.670,26FEB1995,https://kumina.water.wa.gov.au/waterinformation/wir/reports/publish/707005/tel.htm,https://kumina.water.wa.gov.au/waterinformation/wir/reports/publish/707005/707005.htm
708001708001 - Flat RocksComments:No additonal comments.,Marillana Creek,Flat Rocks,07:00 27Aug2025,9.839,-0.163,0.000,STEADY,15.842,09DEC1975,https://kumina.water.wa.gov.au/waterinformation/wir/reports/publish/708001/tel.htm,https://kumina.water.wa.gov.au/waterinformation/wir/reports/publish/708001/708001.htm
708002708002 - Gregory GorgeComments:No additonal comments.,Fortescue River,Gregory Gorge,07:05 27Aug2025,10.331,0.297,-0.002,STEADY,17.034,11DEC1975,https://kumina.water.wa.gov.au/waterinformation/wir/reports/publish/708002/tel.htm,https://kumina.water.wa.gov.au/waterinformation/wir/reports/publish/708002/708002.htm
708005708005 - Deep ReachComments:No additonal comments.,Fortescue River Deep Reach,Deep Reach,07:05 27Aug2025,10.504,0.231,0.000,STEADY,13.592,11DEC1975,https://kumina.water.wa.gov.au/waterinformation/wir/reports/publish/708005/tel.htm,https://kumina.water.wa.gov.au/waterinformation/wir/reports/publish/708005/708005.htm
708011708011 - NewmanComments:No additonal comments.,Fortescue River,Newman,07:00 27Aug2025,9.071,-0.420,0.000,STEADY,14.864,25JAN2024,https://kumina.water.wa.gov.au/waterinformation/wir/reports/publish/708011/tel.htm,https://kumina.water.wa.gov.au/waterinformation/wir/reports/publish/708011/708011.htm
708013708013 - WaterlooComments:No additonal comments.,Weeli Wolli Creek,Waterloo,07:00 27Aug2025,9.442,-0.475,0.000,STEADY,15.326,16DEC1999,https://kumina.water.wa.gov.au/waterinformation/wir/reports/publish/708013/tel.htm,https://kumina.water.wa.gov.au/waterinformation/wir/reports/publish/708013/708013.htm
708014708014 - TarinaComments:Technical Fault,Weeli Wolli Creek,Tarina,07:00 27Aug2025,10.646,0.296,0.036,RISING,15.335,16DEC1999,https://kumina.water.wa.gov.au/waterinformation/wir/reports/publish/708014/tel.htm,https://kumina.water.wa.gov.au/waterinformation/wir/reports/publish/708014/708014.htm
708015708015 - BilanooComments:Peak: 2 Mar 2004 = 19.0m stage (Monty);AHD=RL+28.203;PM=47.793AHD(19.590RL),Fortescue River,Bilanoo,07:00 27Aug2025,9.446,-0.154,0.000,STEADY,19.230,02MAR2004,https://kumina.water.wa.gov.au/waterinformation/wir/reports/publish/708015/tel.htm,https://kumina.water.wa.gov.au/waterinformation/wir/reports/publish/708015/708015.htm
709004709004 - Miaree PoolComments:Peak: 2 Mar 2004 = 18.7m stage (Monty);AHD=RL-4.006;0 mark on bridge USRB = 14.255 AHD(18.261RL);100m mark USLB=14.262 AHD(18.268RL),Maitland River,Miaree Pool,07:00 27Aug2025,8.995,-0.515,0.000,STEADY,18.485,02MAR2004,https://kumina.water.wa.gov.au/waterinformation/wir/reports/publish/709004/tel.htm,https://kumina.water.wa.gov.au/waterinformation/wir/reports/publish/709004/709004.htm
709005709005 - Jelliabidina WellComments:No additonal comments.,Yule River,Jelliabidina Well,07:00 27Aug2025,8.251,-0.132,0.000,STEADY,16.947,09DEC1975,https://kumina.water.wa.gov.au/waterinformation/wir/reports/publish/709005/tel.htm,https://kumina.water.wa.gov.au/waterinformation/wir/reports/publish/709005/709005.htm
709010709010 - PincunahComments:CTF varies (road xing d/s).,Turner River,Pincunah,07:05 27Aug2025,8.989,-0.594,-0.002,STEADY,13.510,25FEB1989,https://kumina.water.wa.gov.au/waterinformation/wir/reports/publish/709010/tel.htm,https://kumina.water.wa.gov.au/waterinformation/wir/reports/publish/709010/709010.htm
710003710003 - Coolenar PoolComments:CTF approx (25/10/02) 16.0m St= GNH floodway; ToRail=15.8mSt,De Grey River,Coolenar Pool,07:30 27Aug2025,8.953,0.208,0.002,STEADY,17.766,16FEB2025,https://kumina.water.wa.gov.au/waterinformation/wir/reports/publish/710003/tel.htm,https://kumina.water.wa.gov.au/waterinformation/wir/reports/publish/710003/710003.htm
710004710004 - NullagineComments:10.193m = Road; Houses=~14.46m SL=376.4m AHD,Nullagine River,Nullagine,08:00 27Aug2025,8.641,-0.727,-0.003,STEADY,14.543,07FEB2002,https://kumina.water.wa.gov.au/waterinformation/wir/reports/publish/710004/tel.htm,https://kumina.water.wa.gov.au/waterinformation/wir/reports/publish/710004/710004.htm
710005710005 - Ripon Hills RdComments:RivLvl=RoadWay = 11.8mSt CTF=10m(Culv); Pk=15.5m,Oakover River,Ripon Hills Rd,07:05 27Aug2025,9.896,-0.494,-0.004,STEADY,18.720,29MAR2004,https://kumina.water.wa.gov.au/waterinformation/wir/reports/publish/710005/tel.htm,https://kumina.water.wa.gov.au/waterinformation/wir/reports/publish/710005/710005.htm
710006710006 - Marble Bar Rd XComments:Road Level Height of 10.058mSL,Coongan River,Marble Bar Rd X,07:05 27Aug2025,9.247,0.007,0.001,STEADY,16.319,15FEB2025,https://kumina.water.wa.gov.au/waterinformation/wir/reports/publish/710006/tel.htm,https://kumina.water.wa.gov.au/waterinformation/wir/reports/publish/710006/710006.htm
710007710007 - Marble Bar Rd XingComments:Road = 10.383m,Shaw River,Marble Bar Rd Xing,07:05 27Aug2025,9.658,-0.135,0.001,STEADY,16.080,15FEB2025,https://kumina.water.wa.gov.au/waterinformation/wir/reports/publish/710007/tel.htm,https://kumina.water.wa.gov.au/waterinformation/wir/reports/publish/710007/710007.htm
710008710008 - Tumbinna PoolComments:RivLvl=RoadWay = 11.7mSt CTF=10m(Culv); Pk=15.4m,Nullagine River,Tumbinna Pool,07:05 27Aug2025,10.383,0.297,0.000,STEADY,16.986,15FEB2025,https://kumina.water.wa.gov.au/waterinformation/wir/reports/publish/710008/tel.htm,https://kumina.water.wa.gov.au/waterinformation/wir/reports/publish/710008/710008.htm
710204710204 - Marble BarComments:No additonal comments.,Coongan River,Marble Bar,07:00 27Aug2025,10.024,0.224,-0.003,STEADY,20.034,15FEB2025,https://kumina.water.wa.gov.au/waterinformation/wir/reports/publish/710204/tel.htm,https://kumina.water.wa.gov.au/waterinformation/wir/reports/publish/710204/710204.htm
710229710229 - North Pole MineComments:No additonal comments.,Shaw River,North Pole Mine,07:05 27Aug2025,9.829,-0.921,0.000,STEADY,16.656,14FEB2025,https://kumina.water.wa.gov.au/waterinformation/wir/reports/publish/710229/tel.htm,https://kumina.water.wa.gov.au/waterinformation/wir/reports/publish/710229/710229.htm
802003802003 - Fitzroy BarrageRd029Comments:No additonal comments.,Fitzroy River,Fitzroy BarrageRd029,06:00 27Aug2025,10.321,0.121,-0.002,STEADY,21.280,06JAN2023,https://kumina.water.wa.gov.au/waterinformation/wir/reports/publish/802003/tel.htm,https://kumina.water.wa.gov.au/waterinformation/wir/reports/publish/802003/802003.htm
802004802004 - EllendaleComments:No additonal comments.,Mt Wynne Creek,Ellendale,07:00 27Aug2025,9.577,-0.473,0.000,STEADY,13.435,22FEB1991,https://kumina.water.wa.gov.au/waterinformation/wir/reports/publish/802004/tel.htm,https://kumina.water.wa.gov.au/waterinformation/wir/reports/publish/802004/802004.htm
802005802005 - Christmas Ck HstdComments:No additonal comments.,Christmas Creek,Christmas Ck Hstd,07:05 27Aug2025,9.123,-0.827,-0.003,STEADY,17.315,05MAR2001,https://kumina.water.wa.gov.au/waterinformation/wir/reports/publish/802005/tel.htm,https://kumina.water.wa.gov.au/waterinformation/wir/reports/publish/802005/802005.htm
802006802006 - NoonkanbahComments:22.1m= Inundation of lowest property,Fitzroy River,Noonkanbah,07:00 27Aug2025,10.330,0.105,0.001,STEADY,22.581,05JAN2023,https://kumina.water.wa.gov.au/waterinformation/wir/reports/publish/802006/tel.htm,https://kumina.water.wa.gov.au/waterinformation/wir/reports/publish/802006/802006.htm
802008802008 - WillareComments:Willare floodway ~ 18.8m (=14.9m AHD); BI=11.7m.,Fitzroy River,Willare,07:00 27Aug2025,10.381,-0.019,0.001,STEADY,20.986,09JAN2023,https://kumina.water.wa.gov.au/waterinformation/wir/reports/publish/802008/tel.htm,https://kumina.water.wa.gov.au/waterinformation/wir/reports/publish/802008/802008.htm
802055802055 - Fitzroy CrossingComments:No additonal comments.,Fitzroy River,Fitzroy Crossing,06:00 27Aug2025,10.235,0.235,-0.003,STEADY,24.000,04JAN2023,https://kumina.water.wa.gov.au/waterinformation/wir/reports/publish/802055/tel.htm,https://kumina.water.wa.gov.au/waterinformation/wir/reports/publish/802055/802055.htm
802137802137 - Dimond GorgeComments:No additonal comments.,Fitzroy River,Dimond Gorge,07:00 27Aug2025,10.247,0.247,0.003,STEADY,27.532,03JAN2023,https://kumina.water.wa.gov.au/waterinformation/wir/reports/publish/802137/tel.htm,https://kumina.water.wa.gov.au/waterinformation/wir/reports/publish/802137/802137.htm
802156802156 - Margaret GorgeComments:No additonal comments.,Margaret River,Margaret Gorge,07:05 27Aug2025,10.051,0.664,0.000,STEADY,21.989,02JAN2023,https://kumina.water.wa.gov.au/waterinformation/wir/reports/publish/802156/tel.htm,https://kumina.water.wa.gov.au/waterinformation/wir/reports/publish/802156/802156.htm
802198802198 - Me No SavvyComments:No additonal comments.,Margaret River,Me No Savvy,07:05 27Aug2025,9.818,-0.242,0.001,STEADY,23.872,01FEB1993,https://kumina.water.wa.gov.au/waterinformation/wir/reports/publish/802198/tel.htm,https://kumina.water.wa.gov.au/waterinformation/wir/reports/publish/802198/802198.htm
802202802202 - Mt WinifredComments:No additonal comments.,Leopold River,Mt Winifred,07:05 27Aug2025,9.161,-0.232,0.001,STEADY,21.955,21FEB1991,https://kumina.water.wa.gov.au/waterinformation/wir/reports/publish/802202/tel.htm,https://kumina.water.wa.gov.au/waterinformation/wir/reports/publish/802202/802202.htm
802203802203 - Mt KraussComments:17.0m =Warning level for FitzXing (18hr prior),Margaret River,Mt Krauss,07:05 27Aug2025,9.516,-0.359,0.001,STEADY,22.800,18FEB1983,https://kumina.water.wa.gov.au/waterinformation/wir/reports/publish/802203/tel.htm,https://kumina.water.wa.gov.au/waterinformation/wir/reports/publish/802203/802203.htm
802213802213 - Phillips RangeComments:1986 Peak = 22.7m / 2002 peak = 24.4m (60yr ARI),Hann River,Phillips Range,07:05 27Aug2025,10.279,0.218,0.001,STEADY,27.713,02JAN2023,https://kumina.water.wa.gov.au/waterinformation/wir/reports/publish/802213/tel.htm,https://kumina.water.wa.gov.au/waterinformation/wir/reports/publish/802213/802213.htm
803001803001 - Mt JosephComments:No additonal comments.,Lennard River,Mt Joseph,07:00 27Aug2025,10.002,-0.153,0.000,STEADY,21.278,02JAN2023,https://kumina.water.wa.gov.au/waterinformation/wir/reports/publish/803001/tel.htm,https://kumina.water.wa.gov.au/waterinformation/wir/reports/publish/803001/803001.htm
804001804001 - Dales YardComments:No additonal comments.,Isdell River,Dales Yard,23:05 13Aug2025,10.334,0.284,-0.001,UNRELIABLE,25.555,02JAN2023,https://kumina.water.wa.gov.au/waterinformation/wir/reports/publish/804001/tel.htm,https://kumina.water.wa.gov.au/waterinformation/wir/reports/publish/804001/804001.htm
809310809310 - Bedford DownsComments:No additonal comments.,Ord River,Bedford Downs,06:05 27Aug2025,9.766,-0.199,0.001,STEADY,22.058,13MAR2011,https://kumina.water.wa.gov.au/waterinformation/wir/reports/publish/809310/tel.htm,https://kumina.water.wa.gov.au/waterinformation/wir/reports/publish/809310/809310.htm
809314809314 - Cockburn NorthComments:No additonal comments.,King River,Cockburn North,07:05 27Aug2025,8.957,-0.393,0.001,STEADY,14.360,17MAR2005,https://kumina.water.wa.gov.au/waterinformation/wir/reports/publish/809314/tel.htm,https://kumina.water.wa.gov.au/waterinformation/wir/reports/publish/809314/809314.htm
809315809315 - Mistake Ck HomesteadComments:No additonal comments.,Negri River,Mistake Ck Homestead,03:20 25Aug2025,9.932,0.416,0.001,STEADY,26.026,19FEB2001,https://kumina.water.wa.gov.au/waterinformation/wir/reports/publish/809315/tel.htm,https://kumina.water.wa.gov.au/waterinformation/wir/reports/publish/809315/809315.htm
809316809316 - Old Ord HomesteadComments:No additonal comments.,Ord River,Old Ord Homestead,07:05 27Aug2025,10.516,0.138,0.000,STEADY,29.039,14MAR2011,https://kumina.water.wa.gov.au/waterinformation/wir/reports/publish/809316/tel.htm,https://kumina.water.wa.gov.au/waterinformation/wir/reports/publish/809316/809316.htm
809318809318 - Dam Rd046Comments:Dam overflow at 25.56m,Moochalabra Creek,Dam Rd046,07:00 27Aug2025,24.348,-1.207,0.003,STEADY,27.807,24MAR2006,https://kumina.water.wa.gov.au/waterinformation/wir/reports/publish/809318/te8.htm,https://kumina.water.wa.gov.au/waterinformation/wir/reports/publish/809318/809318.htm
809321809321 - Dunham GorgeComments:No additonal comments.,Dunham River,Dunham Gorge,07:05 27Aug2025,10.002,0.004,0.000,STEADY,23.318,21FEB2002,https://kumina.water.wa.gov.au/waterinformation/wir/reports/publish/809321/tel.htm,https://kumina.water.wa.gov.au/waterinformation/wir/reports/publish/809321/809321.htm
809322809322 - Odonnell RangeComments:No additonal comments.,Wilson River,Odonnell Range,07:05 27Aug2025,9.704,-0.785,0.000,STEADY,23.447,14MAR2011,https://kumina.water.wa.gov.au/waterinformation/wir/reports/publish/809322/tel.htm,https://kumina.water.wa.gov.au/waterinformation/wir/reports/publish/809322/809322.htm
809339809339 - Tarrara BarComments:Peak: 22Feb 2002 = 21.3m stage.,Ord River,Tarrara Bar,07:00 27Aug2025,11.119,1.119,-0.001,STEADY,23.490,25MAR2006,https://kumina.water.wa.gov.au/waterinformation/wir/reports/publish/809339/tel.htm,https://kumina.water.wa.gov.au/waterinformation/wir/reports/publish/809339/809339.htm
809340809340 - Flying Fox HoleComments:2002 Peak = 22.4m,Dunham River,Flying Fox Hole,07:00 27Aug2025,10.535,0.057,0.001,STEADY,22.459,22FEB2002,https://kumina.water.wa.gov.au/waterinformation/wir/reports/publish/809340/tel.htm,https://kumina.water.wa.gov.au/waterinformation/wir/reports/publish/809340/809340.htm
810001810001 - The HillComments:No additonal comments.,Gumm Creek,The Hill,06:05 27Aug2025,9.825,-0.064,0.000,STEADY,14.933,04MAR2000,https://kumina.water.wa.gov.au/waterinformation/wir/reports/publish/810001/tel.htm,https://kumina.water.wa.gov.au/waterinformation/wir/reports/publish/810001/810001.htm
,,,,,,,,,,,
